{
  "correctness": {
    "invertibility_max_abs_error": 9.5367431640625e-07,
    "logdet_finite_diff_abs_error": 0.00338098406791687
  }
}