{
  "correctness": {
    "invertibility_max_abs_error": 1.7763568394002505e-15,
    "logdet_finite_diff_abs_error": 1.4444390128431905e-09
  }
}