{
  "correctness": {
    "invertibility_max_abs_error": 1.7763568394002505e-15,
    "logdet_finite_diff_abs_error": 1.4444390128431905e-09
  },
  "training": {
    "tinyset_final_nll": 0.35515064001083374,
    "final_train_nll": 1.1164453029632568,
    "final_val_nll": 1.2946348190307617,
    "final_test_nll": 1.5968868732452393
  }
}